title,link,time
,,
转租：三元桥三源里小区好房出租，先到先得~~,https://www.douban.com/group/topic/112017357/,01-25 18:20
朝阳路 民航医院 卜莲超市  财满街 旁金隅汇星苑 ...,https://www.douban.com/group/topic/111981150/,01-25 18:20
4号线魏公村出租主卧带卫次卧采光好新小区,https://www.douban.com/group/topic/111785643/,01-25 18:20
4号线公益西桥塌塌米女生卧室,https://www.douban.com/group/topic/108727600/,01-25 18:20
6号线常营站地铁口主卧找室友,https://www.douban.com/group/topic/112166563/,01-25 18:19
4号线公益西桥@独卫卧室,https://www.douban.com/group/topic/109219065/,01-25 18:19
芍药居北里 真实房源 真实图片 家电齐全，免费WiFi...,https://www.douban.com/group/topic/109403476/,01-25 18:19
[找房]急急急！2月10日房子到期，需找合适，亦庄线...,https://www.douban.com/group/topic/112167036/,01-25 18:19
品牌连锁公寓！劲松！双桥！龙泽！马泉营！燕郊！...,https://www.douban.com/group/topic/110939577/,01-25 18:19
新建「北京租房-真的没有中介小组 」，管理员使用...,https://www.douban.com/group/topic/108861421/,01-25 18:19
六号线上 朝阳门以西求租啊  一居室或者合租主卧都...,https://www.douban.com/group/topic/112130900/,01-25 18:19
高端品牌连锁公寓！劲松！双桥！龙泽！马泉营！燕...,https://www.douban.com/group/topic/110939384/,01-25 18:19
地铁旁圣馨家园小区,https://www.douban.com/group/topic/109409031/,01-25 18:19
1.28号前签合同.2.16号起合同.,https://www.douban.com/group/topic/108727990/,01-25 18:19
8.13号线国风美唐出租大主卧朝南，采光好，中介勿扰,https://www.douban.com/group/topic/111325281/,01-25 18:19
地铁9号线  丰台南路 设计师广场 精装一居 房东直...,https://www.douban.com/group/topic/111801720/,01-25 18:19
8号线13号线国风美唐出租主卧次卧整租采光好，房间...,https://www.douban.com/group/topic/112130092/,01-25 18:19
14号线方庄独卫卧 全女生卧室,https://www.douban.com/group/topic/108728631/,01-25 18:19
金台路6号线14号线朝南卧室24小时热水,https://www.douban.com/group/topic/112138453/,01-25 18:18
大屯路东地铁5/15号线家电齐全 可月付,https://www.douban.com/group/topic/111764503/,01-25 18:18
白菜价四号线新宫丰台马家堡御槐园主卧押一付一没...,https://www.douban.com/group/topic/110887164/,01-25 18:18
宝石花苑紧邻地铁关庄站15号线 交通银行方便 可月付,https://www.douban.com/group/topic/111764677/,01-25 18:18
姑凉姑凉看过来，求合租(限妹子),https://www.douban.com/group/topic/112140596/,01-25 18:18
个人转租6号线精装loft,https://www.douban.com/group/topic/111907237/,01-25 18:18
阳明广场 对面道尔泰商城 热水淋浴 家电齐全 可月付,https://www.douban.com/group/topic/111764908/,01-25 18:18
,,
欧陆经典 温馨单间 紧邻地铁 随时看房热水淋浴 可...,https://www.douban.com/group/topic/111765107/,01-25 18:18
【立水桥合立方小区】【次卧转租】无中介费,https://www.douban.com/group/topic/112002125/,01-25 18:17
北三环西坝河东里三居室其中一个次卧室（10号线太...,https://www.douban.com/group/topic/111461718/,01-25 18:17
太阳宫 新纪家园 大主卧 家电齐全 可月付,https://www.douban.com/group/topic/111799321/,01-25 18:17
太阳宫  新纪家园 独卫 热水淋浴 家电齐全 可月付,https://www.douban.com/group/topic/111799530/,01-25 18:17
芍药居北里 紧邻地铁 热水淋浴 家电齐全 可月付,https://www.douban.com/group/topic/111805695/,01-25 18:17
芍药居北里 零八年新楼，三家合住网络齐全热水淋浴...,https://www.douban.com/group/topic/111805832/,01-25 18:17
10号线角门西/4号线公益西桥@2间卧室出租,https://www.douban.com/group/topic/108728705/,01-25 18:17
望京明苑3100,https://www.douban.com/group/topic/112098302/,01-25 18:16
世奥国际中心 大开间，大卧室，大阳台 家电齐全可月付,https://www.douban.com/group/topic/111805937/,01-25 18:16
个人出租 青年路朝阳大悦城 姚家园东里8号院精装主...,https://www.douban.com/group/topic/112031554/,01-25 18:16
【东直门和平里】个人次卧出租 90平高层新房豪装,https://www.douban.com/group/topic/112050099/,01-25 18:15
主卧带阳台 朝南 全新装修 家电齐全每月有保洁可月付,https://www.douban.com/group/topic/111930645/,01-25 18:14
@@@@@2018.01.20@珠江帝景@九龙山@个人@靠谱2房东,https://www.douban.com/group/topic/110100936/,01-25 18:14
地铁13/10号线 家电齐全 全新装修 可押一付一有需...,https://www.douban.com/group/topic/112148308/,01-25 18:14
望京附近14号线来广营站东洲家园出租无中介,https://www.douban.com/group/topic/109915036/,01-25 18:14
真实图片 中国人民大学 苏州街 双安商场 友谊社区...,https://www.douban.com/group/topic/111343018/,01-25 18:13
世安家园2550带阳台朝南,https://www.douban.com/group/topic/112166810/,01-25 18:13
急转劲松文艺精装次卧 个人转租,https://www.douban.com/group/topic/112165058/,01-25 18:12
地铁口上面的新小区，交通方便，距离国贸大望路百...,https://www.douban.com/group/topic/112121025/,01-25 18:12
限女生～北三环和平东桥胜古东里房屋转租,https://www.douban.com/group/topic/111841214/,01-25 18:12
五道口 华清嘉园 真实图片！,https://www.douban.com/group/topic/111509236/,01-25 18:12
八通线，传媒大学地铁站，艺水芳园主卧独卫，精装...,https://www.douban.com/group/topic/112124887/,01-25 18:12
三里屯431直达地铁6号线青年路姚家园西里两家合住...,https://www.douban.com/group/topic/112052659/,01-25 18:12
5号线 立水桥南 望春园 3家合住 朝南主卧2000无中...,https://www.douban.com/group/topic/112156615/,01-25 18:11
,,
着急低价出租，健德门 安华桥 马甸桥旁 裕民西里精...,https://www.douban.com/group/topic/111645865/,01-25 18:11
金融街附近建筑师改造的胡同四合院LOFT出租,https://www.douban.com/group/topic/112031881/,01-25 18:11
4号线魏公村站距离地铁700米有房出租,https://www.douban.com/group/topic/111986167/,01-25 18:11
珠江帝景租房,https://www.douban.com/group/topic/111470194/,01-25 18:11
温馨主卧良心出租 免佣金可月付 枣园地铁200米 拎...,https://www.douban.com/group/topic/108414610/,01-25 18:11
每天无所事事，有什么私活可以接吗？,https://www.douban.com/group/topic/111487538/,01-25 18:11
急租！西直门地铁站楼上 凯德MALL 智地钻河公馆低...,https://www.douban.com/group/topic/111798744/,01-25 18:11
蓝香草女子求职公寓,https://www.douban.com/group/topic/112166728/,01-25 18:10
日租月租近北京西站中国戏曲学院地铁10号线纪家庙...,https://www.douban.com/group/topic/111146796/,01-25 18:10
六号线物资学院，押一付一，随时看房，当天入住,https://www.douban.com/group/topic/111949667/,01-25 18:10
上地 马连洼北路 中关村软件园 东北旺 旁精装一居...,https://www.douban.com/group/topic/112045240/,01-25 18:10
无中介费~7号线达官营地铁附近【天宁寺西里】主卧...,https://www.douban.com/group/topic/112114225/,01-25 18:09
地铁6号线草房站像素小区,https://www.douban.com/group/topic/111371462/,01-25 18:09
求租 八通线沿线主卧 独卫控,https://www.douban.com/group/topic/112166694/,01-25 18:09
押一付一，无中介费，六号线有主卧出租,https://www.douban.com/group/topic/111470119/,01-25 18:09
个人出租1号线四惠东地铁口主卧室出租,https://www.douban.com/group/topic/111880927/,01-25 18:09
个人出租 丰台西局玉璞家园一居室,https://www.douban.com/group/topic/111820385/,01-25 18:08
国贸大望路招租,https://www.douban.com/group/topic/112071905/,01-25 18:08
个人，10号线纪家庙附近带阳台大主卧出租,https://www.douban.com/group/topic/107490276/,01-25 18:07
回龙观东大街邻近8号13号，整租，合租,https://www.douban.com/group/topic/100025144/,01-25 18:07
东北三环西坝河中里三居室其中一间带阳台（朝阳商...,https://www.douban.com/group/topic/111846509/,01-25 18:07
西二环内滨河里小区次卧出租(个人房源),https://www.douban.com/group/topic/112166427/,01-25 18:06
=●房主个人●回龙观上北精装一居1月底定减1000元,https://www.douban.com/group/topic/111990950/,01-25 18:06
地铁五号线天通苑房屋出租,https://www.douban.com/group/topic/106348281/,01-25 18:06
八通线.传媒大学站.北花园小区物业直租.没有中介费,https://www.douban.com/group/topic/112166591/,01-25 18:05
,,
地铁5+10号线 宋家庄站 主卧带阳台 出租 包物业取暖,https://www.douban.com/group/topic/110767612/,01-25 18:05
@@@@@2018.01.20@九龙山@珠江帝景@个人@整租分租均可,https://www.douban.com/group/topic/104969344/,01-25 18:05
5号线蒲黄榆 南二环玉蜓桥附近 精装两居室 可租一...,https://www.douban.com/group/topic/112045309/,01-25 18:05
【房东直租2800】望京西八间北里2居主卧短租。。。...,https://www.douban.com/group/topic/111848768/,01-25 18:05
【望京】大西洋新城（全新装修）地铁望京站、阜通...,https://www.douban.com/group/topic/112015814/,01-25 18:02
六号线黄渠站大主卧带阳台40平米,https://www.douban.com/group/topic/111694832/,01-25 18:02
10号线团结湖地铁25平主卧带阳台个人转,https://www.douban.com/group/topic/112166346/,01-25 18:02
一号线万寿路地铁站，步行4分钟到地铁口，距离金融...,https://www.douban.com/group/topic/112165379/,01-25 18:01
通州土桥次卧招租，只租女生（男生、情侣勿扰），...,https://www.douban.com/group/topic/111497670/,01-25 18:01
押一付一九棵树全新一居2300/月 家电齐全 入住立减...,https://www.douban.com/group/topic/112166476/,01-25 18:01
通州北关 105平米 大两居出租,https://www.douban.com/group/topic/112154386/,01-25 18:01
传媒大学~定福庄西街~正规三室一厅~阳光主卧出租~...,https://www.douban.com/group/topic/111944855/,01-25 18:01
正规一居整租4800无中介费 惠新西街南口 五号线十...,https://www.douban.com/group/topic/112086659/,01-25 18:01
八通线传媒大学站~定福庄西街~三室一厅阳光主卧找...,https://www.douban.com/group/topic/112019471/,01-25 18:00
出租青年路地铁主卧带独卫,https://www.douban.com/group/topic/110645716/,01-25 18:00
中关村苏州街直达，海淀马连洼农大南路肖家河正规...,https://www.douban.com/group/topic/111587063/,01-25 18:00
出租南苑三营门附近两居室,https://www.douban.com/group/topic/111792783/,01-25 18:00
双榆树 苏州街 双榆树 人民大学 4号地铁 附近房子出租,https://www.douban.com/group/topic/111881761/,01-25 18:00
出租十里堡金台路青年路地铁单间,https://www.douban.com/group/topic/112043019/,01-25 18:00
求租朝阳地区房子~东边~3000以内,https://www.douban.com/group/topic/111298242/,01-25 17:59
【13号线五道口】【个人转租】【无中介费】【2800...,https://www.douban.com/group/topic/111817530/,01-25 17:59
用周易解答都市男女都会遇到的情感问题,https://www.douban.com/group/topic/85309280/,01-25 17:59
【房东直租】【有图】10号线南三环3居合租次卧2500...,https://www.douban.com/group/topic/111513064/,01-25 17:58
[ 国贸，大望路 ] 这大概是你在北京住的最放心最有...,https://www.douban.com/group/topic/107775951/,01-25 17:58
你想要的室友想要的房子，这里都有，因为你才是主...,https://www.douban.com/group/topic/112038296/,01-25 17:58
